use QLBHTT
GO
----Them gia tri vao table mau sac
insert into MauSac values ('MS0001',N'Trắng');
insert into MauSac values ('MS0002',N'Đen');
insert into MauSac values ('MS0003',N'Hồng');
insert into MauSac values ('MS0004',N'Xanh Trắng');
insert into MauSac values ('MS0005',N'Kem');

----Them gia tri vao table phan loai
insert into PhanLoai values ('PL0001',N'Áo');
insert into PhanLoai values ('PL0002',N'Quần');
insert into PhanLoai values ('PL0003',N'Nón');

----Them gia tri vao table chat lieu
insert into ChatLieu values ('CL0001',N'Cotton 2 chiều')
insert into ChatLieu values ('CL0002',N'Vải Nỉ')
insert into ChatLieu values ('CL0003',N'Da')
insert into ChatLieu values ('CL0004',N'Kaki cotton')
insert into ChatLieu values ('CL0005',N'Vải gió dù')

----Them gia tri vao table kich thuoc
insert into KichThuoc values ('KT0001',N'S');
insert into KichThuoc values ('KT0002',N'M');
insert into KichThuoc values ('KT0003',N'L');
insert into KichThuoc values ('KT0004',N'XL')
insert into KichThuoc values ('KT0005',N'XXL')
insert into KichThuoc values ('KT0006',N'XXXL')

----Them gia tri vao table kieu dang
insert into KieuDang values ('KD0001',N'Áo Thun T-shirts')
insert into KieuDang values ('KD0002',N'Áo Hoodie')
insert into KieuDang values ('KD0003',N'Quần Short')
insert into KieuDang values ('KD0004',N'Áo khoác')
insert into KieuDang values ('KD0005',N'Nón kết')

----Them gia tri vao table xuat xu
insert into XuatXu values ('XX0001',N'Việt Nam')
insert into XuatXu values ('XX0002',N'Trung Quốc')

----Them gia tri vao table nha cung cap
insert into NhaCungCap values ('NCC001',N'Công Ty TNHH HADES',N'45 Phan Chu Trinh, P. Bến Thành, Quận 1, TP. Hồ Chí Minh','support@hades.vn','02873011021')
insert into NhaCungCap values ('NCC002',N'Công Ty TNHH PARADOX Việt Nam',N'995 Nguyễn Trãi, Phường 14, Quận 5, TP. Hồ Chí Minh','info@paradoxworldwide.com','0344800808')
insert into NhaCungCap values ('NCC003',N'Cửa hàng SuperStorm Store',N'35/2k ấp Hưng Lân, Bà Điểm, Hóc Môn, TP. Hồ Chí Minh','yatuan99@gmail.com','0386928958')

insert into NhaCungCap values ('NCC004',N'Công ty cổ phần may Việt Tiến',N'07 Lê Minh Xuân, Q. Tân Bình, TP. Hồ Chí Minh','viettien@viettien.com.vn','02838640800')
insert into NhaCungCap values ('NCC005',N'Công ty TNHH May Thêu Giày An Phước',N'100/11-12 An Dương Vương, P.9, Q.5, Tp.Hồ Chí Minh','maydodongphuc@anphuoc.com.vn','02838350059')

----Them gia tri vao table khuyen mai
insert into KhuyenMai values ('KM0001','0','2022-09-26',0)


----them gia tri vao table san pham
insert into sanPham values ('SP0001',N'ON CLOUD NINE TEE',380000,'sp0001.png',1000,N'Mo ta','CL0001','KD0001','KT0001','MS0001','XX0001','PL0001','NCC001','KM0001')
insert into sanPham values ('SP0002',N'ON CLOUD NINE TEE',380000,'sp0001.png',1000,N'Mo ta','CL0001','KD0001','KT0002','MS0001','XX0001','PL0001','NCC001','KM0001')
insert into sanPham values ('SP0003',N'ON CLOUD NINE TEE',380000,'sp0001.png',1000,N'Mo ta','CL0001','KD0001','KT0003','MS0001','XX0001','PL0001','NCC001','KM0001')
insert into sanPham values ('SP0004',N'Áo Hoodie Mũ Trùm Unisex Vải Nỉ CHRONICLE',650000,'sp0004.jpg',10,N'Mo ta','CL0002','KD0002','KT0002','MS0001','XX0001','PL0001','NCC001','KM0001')
insert into sanPham values ('SP0005',N'Áo Hoodie Mũ Trùm Unisex Vải Nỉ CHRONICLE',650000,'sp0004.jpg',10,N'Mo ta','CL0002','KD0002','KT0003','MS0001','XX0001','PL0001','NCC001','KM0001')
insert into sanPham values ('SP0006',N'Áo Hoodie Mũ Trùm Unisex Vải Nỉ CHRONICLE',650000,'sp0004.jpg',10,N'Mo ta','CL0002','KD0002','KT0004','MS0001','XX0001','PL0001','NCC001','KM0001')
insert into sanPham values ('SP0007',N'Quần short Paradox FRISKY EMBROIDERY SHORTS',380000,'sp0007.jpg',10,N'Mo ta','CL0002','KD0003','KT0001','MS0002','XX0001','PL0002','NCC002','KM0001')
insert into sanPham values ('SP0008',N'Quần short Paradox FRISKY EMBROIDERY SHORTS',380000,'sp0007.jpg',10,N'Mo ta','CL0002','KD0003','KT0002','MS0002','XX0001','PL0002','NCC002','KM0001')
insert into sanPham values ('SP0009',N'Quần short Paradox FRISKY EMBROIDERY SHORTS',380000,'sp0007.jpg',10,N'Mo ta','CL0002','KD0003','KT0003','MS0002','XX0001','PL0002','NCC002','KM0001')
insert into sanPham values ('SP0010',N'Áo khoác bomber',180000,'sp0010.jpg',2000,N'Mo ta','CL0002','KD0004','KT0001','MS0004','XX0002','PL0001','NCC003','KM0001')
insert into sanPham values ('SP0011',N'Áo khoác bomber',180000,'sp0010.jpg',2000,N'Mo ta','CL0002','KD0004','KT0002','MS0004','XX0002','PL0001','NCC003','KM0001')
insert into sanPham values ('SP0012',N'Áo khoác bomber',180000,'sp0010.jpg',2000,N'Mo ta','CL0002','KD0004','KT0003','MS0004','XX0002','PL0001','NCC003','KM0001')
insert into sanPham values ('SP0013',N'Nón SBTC Logo',189000,'sp0013.png',1000,N'Mo ta','CL0004','KD0005','KT0001','MS0003','XX0001','PL0003','NCC003','KM0001')
insert into sanPham values ('SP0014',N'Nón SBTC Logo',189000,'sp0013.png',1000,N'Mo ta','CL0004','KD0005','KT0002','MS0003','XX0001','PL0003','NCC003','KM0001')
insert into sanPham values ('SP0015',N'Nón SBTC Logo',189000,'sp0013.png',1000,N'Mo ta','CL0004','KD0005','KT0003','MS0003','XX0001','PL0003','NCC003','KM0001')
insert into sanPham values ('SP0016',N'Áo Khoác Unisex Teelab Skeleton Skateboarding AK051',550000,'TEELAB.png',1000,N'Mo ta','CL0005','KD0004','KT0002','MS0002','XX0001','PL0001','NCC003','KM0001')
insert into sanPham values ('SP0017',N'Áo Khoác Unisex Teelab Skeleton Skateboarding AK051',550000,'TEELAB.png',1000,N'Mo ta','CL0005','KD0004','KT0003','MS0002','XX0001','PL0001','NCC003','KM0001')
insert into sanPham values ('SP0018',N'Áo Khoác Unisex Teelab Skeleton Skateboarding AK051',550000,'TEELAB.png',1000,N'Mo ta','CL0005','KD0004','KT0004','MS0002','XX0001','PL0001','NCC003','KM0001')
insert into sanPham values ('SP0019',N'Quần Teelab Special Collection Premium Short',300000,'TEELAB_Short.png',1000,N'Mo ta','CL0002','KD0003','KT0002','MS0005','XX0001','PL0002','NCC003','KM0001')
insert into sanPham values ('SP0020',N'Quần Teelab Special Collection Premium Short',300000,'TEELAB_Short.png',1000,N'Mo ta','CL0002','KD0003','KT0003','MS0005','XX0001','PL0002','NCC003','KM0001')
insert into sanPham values ('SP0021',N'Quần Teelab Special Collection Premium Short',300000,'TEELAB_Short.png',1000,N'Mo ta','CL0002','KD0003','KT0004','MS0005','XX0001','PL0002','NCC003','KM0001')
insert into sanPham values ('SP0022',N'Quần Teelab Special Collection Premium Short',300000,'TEELAB_Short.png',1000,N'Mo ta','CL0002','KD0003','KT0005','MS0005','XX0001','PL0002','NCC003','KM0001')
insert into sanPham values ('SP0023',N'Áo Hoodie Teelab Punch Embroidery Logo Hoodie',550000,'TEELAB_HD.png',1000,N'Mo ta','CL0002','KD0002','KT0002','MS0001','XX0001','PL0001','NCC003','KM0001')
insert into sanPham values ('SP0024',N'Áo Hoodie Teelab Punch Embroidery Logo Hoodie',550000,'TEELAB_HD.png',1000,N'Mo ta','CL0002','KD0002','KT0003','MS0002','XX0001','PL0001','NCC003','KM0001')
insert into sanPham values ('SP0025',N'Áo Hoodie Teelab Punch Embroidery Logo Hoodie',550000,'TEELAB_HD.png',1000,N'Mo ta','CL0002','KD0002','KT0004','MS0003','XX0001','PL0001','NCC003','KM0001')
insert into sanPham values ('SP0026',N'Áo Hoodie Teelab Punch Embroidery Logo Hoodie',550000,'TEELAB_HD.png',1000,N'Mo ta','CL0002','KD0002','KT0005','MS0004','XX0001','PL0001','NCC003','KM0001')
insert into sanPham values ('SP0027',N'Mũ Lưỡi Trai Teelab Mini Logo Caps AC063',250000,'TEELAB_Non.png',1000,N'Mo ta','CL0001','KD0005','KT0002','MS0001','XX0001','PL0001','NCC003','KM0001')
insert into sanPham values ('SP0028',N'Mũ Lưỡi Trai Teelab Mini Logo Caps AC063',250000,'TEELAB_Non.png',1000,N'Mo ta','CL0001','KD0005','KT0002','MS0002','XX0001','PL0001','NCC003','KM0001')
insert into sanPham values ('SP0029',N'Mũ Lưỡi Trai Teelab Mini Logo Caps AC063',250000,'TEELAB_Non.png',1000,N'Mo ta','CL0001','KD0005','KT0002','MS0003','XX0001','PL0001','NCC003','KM0001')
insert into sanPham values ('SP0030',N'Mũ Lưỡi Trai Teelab Mini Logo Caps AC063',250000,'TEELAB_Non.png',1000,N'Mo ta','CL0001','KD0005','KT0002','MS0005','XX0001','PL0001','NCC003','KM0001')



----Them gia tri vao table nhan vien
insert into nhanvien values ('0111220103',N'Nguyễn Diệp Anh','1999-06-10',N'TP. Hồ Chí Minh','0924608193',1,25000000,'AnhNDmanag@gmail.com',N'Quản lý',null,null,0)
insert into nhanvien values ('0111220203',N'Trần Nam Anh','1989-09-11',N'TP. Hồ Chí Minh','0962342550',0,15000000,'namanh@gmail.com',N'Nhân Viên',null,null,0)
insert into nhanvien values ('0111220303',N'Nguyễn Thị Kim Dung','1999-06-14',N'TP. Hồ Chí Minh','0335337893',1,15000000,'kimdung06@gmail.com',N'Nhân viên',null,null,0)
insert into nhanvien values ('0111220403',N'Phạm Hồng Đăng','1998-05-13',N'TP. Hồ Chí Minh','0984476509',0,15000000,'DangPham123@gmail.com',N'Nhân viên',null,null,0)
insert into nhanvien values ('0111220503',N'Lê Minh Trí','1998-06-29',N'TP. Hồ Chí Minh','0163533782',0,15000000,'TriLe1998@gmail.com',N'Nhân viên',null,null,0)
insert into nhanvien values ('0111220603',N'Đỗ Quốc Hưng','2000-02-16',N'TP. Hồ Chí Minh','0327654298',0,12000000,'QHung@gmail.com',N'Nhân viên',null,null,0)
insert into nhanvien values ('0111220703',N'Vũ Quang Vinh','1988-08-28',N'TP. Hồ Chí Minh','0924655442',0,17000000,'QVhn@gmail.com',N'Nhân viên',null,null,0)
insert into nhanvien values ('0111220803',N'Đinh Quốc Trung','1999-06-26',N'TP. Hồ Chí Minh','0961728711',0,12000000,'trung990626@gmail.com',N'Nhân viên',null,null,0)
insert into nhanvien values ('0111220903',N'Lê Minh Tâm','1989-12-08',N'TP. Hồ Chí Minh','0969795020',0,17000000,'tamminhle@gmail.com',N'Nhân viên',null,null,0)
insert into nhanvien values ('0111221003',N'Trần Lê Nguyên','1998-08-22',N'TP. Hồ Chí Minh','0914529039',0,15000000,'nguyenclostaff@gmail.com',N'Nhân viên',null,null,0)


----Them gia tri vao table tai khoan
insert into TaiKhoan values ('admin','admin',1,'0111220103',0)
insert into TaiKhoan values ('0111220103','1111',0,'0111220203',0)
insert into TaiKhoan values ('0111220203','1111',0,'0111220203',0)
insert into TaiKhoan values ('0111220303','1111',0,'0111220303',0)
insert into TaiKhoan values ('0111220403','1111',0,'0111220403',0)
insert into TaiKhoan values ('0111220503','1111',0,'0111220503',0)
insert into TaiKhoan values ('0111220603','1111',0,'0111220603',0)
insert into TaiKhoan values ('0111220703','1111',0,'0111220703',0)
insert into TaiKhoan values ('0111220803','1111',0,'0111220803',0)
insert into TaiKhoan values ('0111220903','1111',0,'0111220903',0)
insert into TaiKhoan values ('0111221003','1111',0,'0111221003',0)


----Them gia tri vao table khach hang
insert into khachHang values ('KH0001',N'Lê Thị Hồng Vương', 'hvlt@gmail.com','0337098734',1)
insert into khachHang values ('KH0002',N'Bùi Ngọc Dương', 'duongngoc@gmail.com','0914712039',0)
insert into khachHang values ('KH0003',N'Dinh Huy Tường', 'tuong98@gmail.com','0961410277',0)
insert into khachHang values ('KH0004',N'Nguyễn Thị Khanh', 'khanhnt@gmail.com','0366357911',1)
insert into khachHang values ('KH0005',N'Nguyễn Văn An', 'nguyenvananhcm@gmail.com','0909393936',0)
insert into khachHang values ('KH0006',N'Đinh Văn Hoạt', 'vanhoathobo@gmail.com','0945721460',0)
insert into khachHang values ('KH0007',N'Lê Phan Như', 'nHuLe@gmail.com','0965351926',1)
insert into khachHang values ('KH0008',N'Trần Tuấn Linh', 'Linhtuan123@gmail.com','0986853638',0)
insert into khachHang values ('KH0009',N'Nguyễn Hoài Linh', 'linhhoainguyen2234@gmail.com','0366547796',0)
insert into khachHang values ('KH0010',N'Nguyễn Thanh Tùng', 'tungThanh898@gmail.com','0359188480',0)
insert into khachHang values ('KH0011',N'Phạm Thu Hà', 'THUHAAA@gmail.com','0909393939',1)
insert into khachHang values ('KH0012',N'Lê Quang Hải', 'quanghaigoal@gmail.com','0362625704',0)
insert into khachHang values ('KH0013',N'Nguyễn Lệ Quyên', 'QuyenLeHNCG@gmail.com','0968731191',1)
insert into khachHang values ('KH0014',N'Trần Thu Hiền', 'HienThumails@gmail.com','0961483232',1)
insert into khachHang values ('KH0015',N'Garcia Robert', 'RobertG@gmail.com','0337463968',0)
insert into khachHang values ('KH0016',N'Wilson Mary', 'Wilsonwilsonmary@gmail.com','0355811769',1)
insert into khachHang values ('KH0017',N'Martinez James', 'JamesMart99@gmail.com','0376920965',0)
insert into khachHang values ('KH0018',N'Mohamed Sena', 'SenaHam57@gmail.com','0384003368',1)
insert into khachHang values ('KH0019',N'Lopez Joseph', 'JosephLopeszz@gmail.com','0342827569',0)
insert into khachHang values ('KH0020',N'Miller Christopher', 'Christopher1996@gmail.com','0327759268',0)

----Them gia tri vao table hoa don
insert into HoaDon values ('HD281120210001','2021-11-28','0111220203','KH0001')
insert into HoaDon values ('HD281120210002','2021-11-28','0111220303','KH0002')
insert into HoaDon values ('HD281120210003','2021-11-28','0111220403','KH0003')
insert into HoaDon values ('HD281220210001','2021-12-28','0111220503','KH0004')
insert into HoaDon values ('HD281220210002','2021-12-28','0111220703','KH0005')
insert into HoaDon values ('HD281220210003','2021-12-28','0111220803','KH0006')
insert into HoaDon values ('HD280120220001','2022-01-28','0111220203','KH0007')
insert into HoaDon values ('HD280120220002','2022-01-28','0111220503','KH0008')
insert into HoaDon values ('HD280120220003','2022-01-28','0111220403','KH0009')
insert into HoaDon values ('HD280220220001','2022-02-28','0111220303','KH0010')
insert into HoaDon values ('HD280220220002','2022-02-28','0111220303','KH0011')
insert into HoaDon values ('HD280220220003','2022-02-28','0111220403','KH0012')
insert into HoaDon values ('HD280320220001','2022-03-28','0111220503','KH0013')
insert into HoaDon values ('HD280320220002','2022-03-28','0111220603','KH0014')
insert into HoaDon values ('HD280320220003','2022-03-28','0111220903','KH0015')
insert into HoaDon values ('HD280420220001','2022-04-28','0111220903','KH0016')
insert into HoaDon values ('HD280420220002','2022-04-28','0111220703','KH0017')
insert into HoaDon values ('HD280420220003','2022-04-28','0111221003','KH0018')
insert into HoaDon values ('HD280520220001','2022-05-28','0111220803','KH0019')
insert into HoaDon values ('HD280520220002','2022-05-28','0111221003','KH0020')
insert into HoaDon values ('HD280620220001','2022-05-28','0111220203','KH0007')
insert into HoaDon values ('HD280620220002','2022-06-28','0111220503','KH0008')
insert into HoaDon values ('HD280620220003','2022-06-28','0111220403','KH0009')
insert into HoaDon values ('HD280720220001','2022-07-28','0111220303','KH0010')
insert into HoaDon values ('HD280720220002','2022-07-28','0111220303','KH0011')
insert into HoaDon values ('HD280720220003','2022-07-28','0111220403','KH0012')
insert into HoaDon values ('HD280820220001','2022-08-28','0111220503','KH0013')
insert into HoaDon values ('HD280820220002','2022-08-28','0111220603','KH0014')
insert into HoaDon values ('HD280820220003','2022-08-28','0111220903','KH0015')
insert into HoaDon values ('HD280920220001','2022-09-28','0111220903','KH0016')
insert into HoaDon values ('HD280920220002','2022-09-28','0111220703','KH0017')
insert into HoaDon values ('HD280920220003','2022-09-28','0111221003','KH0018')
insert into HoaDon values ('HD281020220001','2022-10-28','0111220803','KH0019')
insert into HoaDon values ('HD281020220002','2022-10-28','0111221003','KH0020')
insert into HoaDon values ('HD281120220001','2022-11-28','0111220503','KH0013')
insert into HoaDon values ('HD281120220002','2022-11-28','0111220603','KH0014')
insert into HoaDon values ('HD281120220003','2022-11-28','0111220903','KH0015')


----Them gia tri vao table chi tiet hoa don
insert into ChiTietHoaDon values ('SP0001','HD281120210001',2,760000)
insert into ChiTietHoaDon values ('SP0004','HD281120210001',2,1300000)
insert into ChiTietHoaDon values ('SP0007','HD281120210001',2,760000)
insert into ChiTietHoaDon values ('SP0010','HD281120210001',2,360000)
insert into ChiTietHoaDon values ('SP0013','HD281120210001',2,378000)
insert into ChiTietHoaDon values ('SP0002','HD281120210002',2,760000)
insert into ChiTietHoaDon values ('SP0005','HD281120210002',2,1300000)
insert into ChiTietHoaDon values ('SP0008','HD281120210002',2,760000)
insert into ChiTietHoaDon values ('SP0011','HD281120210002',2,360000)
insert into ChiTietHoaDon values ('SP0014','HD281120210002',2,378000)
insert into ChiTietHoaDon values ('SP0003','HD281120210003',2,760000)
insert into ChiTietHoaDon values ('SP0006','HD281120210003',2,1300000)
insert into ChiTietHoaDon values ('SP0009','HD281120210003',2,760000)
insert into ChiTietHoaDon values ('SP0012','HD281120210003',2,360000)
insert into ChiTietHoaDon values ('SP0015','HD281120210003',2,378000)
insert into ChiTietHoaDon values ('SP0001','HD281220210001',2,760000)
insert into ChiTietHoaDon values ('SP0005','HD281220210001',2,1300000)
insert into ChiTietHoaDon values ('SP0008','HD281220210001',2,760000)
insert into ChiTietHoaDon values ('SP0002','HD281220210002',2,760000)
insert into ChiTietHoaDon values ('SP0006','HD281220210002',2,1300000)
insert into ChiTietHoaDon values ('SP0010','HD281220210002',2,360000)
insert into ChiTietHoaDon values ('SP0014','HD281220210002',2,378000)

insert into ChiTietHoaDon values ('SP0001','HD281220210003',2,760000)
insert into ChiTietHoaDon values ('SP0005','HD281220210003',2,1300000)
insert into ChiTietHoaDon values ('SP0008','HD281220210003',2,760000)
insert into ChiTietHoaDon values ('SP0002','HD281220210003',2,760000)
insert into ChiTietHoaDon values ('SP0006','HD281220210003',2,1300000)
insert into ChiTietHoaDon values ('SP0010','HD281220210003',2,360000)
insert into ChiTietHoaDon values ('SP0014','HD281220210003',2,378000)

insert into ChiTietHoaDon values ('SP0001','HD280120220001',2,760000)
insert into ChiTietHoaDon values ('SP0004','HD280120220001',2,1300000)
insert into ChiTietHoaDon values ('SP0007','HD280120220001',2,760000)
insert into ChiTietHoaDon values ('SP0010','HD280120220001',2,360000)
insert into ChiTietHoaDon values ('SP0013','HD280120220001',2,378000)
insert into ChiTietHoaDon values ('SP0002','HD280120220002',2,760000)
insert into ChiTietHoaDon values ('SP0005','HD280120220002',2,1300000)
insert into ChiTietHoaDon values ('SP0008','HD280120220002',2,760000)
insert into ChiTietHoaDon values ('SP0011','HD280120220002',2,360000)
insert into ChiTietHoaDon values ('SP0014','HD280120220002',2,378000)
insert into ChiTietHoaDon values ('SP0003','HD280120220003',2,760000)
insert into ChiTietHoaDon values ('SP0006','HD280120220003',2,1300000)
insert into ChiTietHoaDon values ('SP0009','HD280120220003',2,760000)
insert into ChiTietHoaDon values ('SP0012','HD280120220003',2,360000)
insert into ChiTietHoaDon values ('SP0015','HD280120220003',2,378000)
insert into ChiTietHoaDon values ('SP0001','HD280220220001',2,760000)
insert into ChiTietHoaDon values ('SP0005','HD280220220001',2,1300000)
insert into ChiTietHoaDon values ('SP0008','HD280220220001',2,760000)
insert into ChiTietHoaDon values ('SP0002','HD280220220001',2,760000)
insert into ChiTietHoaDon values ('SP0006','HD280220220001',2,1300000)
insert into ChiTietHoaDon values ('SP0010','HD280220220001',2,360000)
insert into ChiTietHoaDon values ('SP0014','HD280220220001',2,378000)

insert into ChiTietHoaDon values ('SP0001','HD280220220002',2,760000)
insert into ChiTietHoaDon values ('SP0004','HD280220220002',2,1300000)
insert into ChiTietHoaDon values ('SP0007','HD280220220002',2,760000)
insert into ChiTietHoaDon values ('SP0010','HD280220220002',2,360000)
insert into ChiTietHoaDon values ('SP0013','HD280220220002',2,378000)
insert into ChiTietHoaDon values ('SP0002','HD280220220003',2,760000)
insert into ChiTietHoaDon values ('SP0005','HD280220220003',2,1300000)
insert into ChiTietHoaDon values ('SP0008','HD280220220003',2,760000)
insert into ChiTietHoaDon values ('SP0011','HD280220220003',2,360000)
insert into ChiTietHoaDon values ('SP0014','HD280220220003',2,378000)
insert into ChiTietHoaDon values ('SP0003','HD280220220003',2,760000)
insert into ChiTietHoaDon values ('SP0006','HD280320220001',2,1300000)
insert into ChiTietHoaDon values ('SP0009','HD280320220001',2,760000)
insert into ChiTietHoaDon values ('SP0012','HD280320220001',2,360000)
insert into ChiTietHoaDon values ('SP0015','HD280320220001',2,378000)
insert into ChiTietHoaDon values ('SP0001','HD280320220002',2,760000)
insert into ChiTietHoaDon values ('SP0005','HD280320220002',2,1300000)
insert into ChiTietHoaDon values ('SP0008','HD280320220002',2,760000)
insert into ChiTietHoaDon values ('SP0002','HD280320220002',2,760000)
insert into ChiTietHoaDon values ('SP0006','HD280320220002',2,1300000)
insert into ChiTietHoaDon values ('SP0010','HD280320220002',2,360000)
insert into ChiTietHoaDon values ('SP0014','HD280320220002',2,378000)


insert into ChiTietHoaDon values ('SP0001','HD280320220003',2,760000)
insert into ChiTietHoaDon values ('SP0004','HD280320220003',2,1300000)
insert into ChiTietHoaDon values ('SP0007','HD280320220003',2,760000)
insert into ChiTietHoaDon values ('SP0010','HD280320220003',2,360000)
insert into ChiTietHoaDon values ('SP0013','HD280320220003',2,378000)
insert into ChiTietHoaDon values ('SP0002','HD280420220001',2,760000)
insert into ChiTietHoaDon values ('SP0005','HD280420220001',2,1300000)
insert into ChiTietHoaDon values ('SP0008','HD280420220001',2,760000)
insert into ChiTietHoaDon values ('SP0011','HD280420220001',2,360000)
insert into ChiTietHoaDon values ('SP0014','HD280420220001',2,378000)
insert into ChiTietHoaDon values ('SP0003','HD280420220002',2,760000)
insert into ChiTietHoaDon values ('SP0006','HD280420220002',2,1300000)
insert into ChiTietHoaDon values ('SP0009','HD280420220002',2,760000)
insert into ChiTietHoaDon values ('SP0012','HD280420220002',2,360000)
insert into ChiTietHoaDon values ('SP0015','HD280420220002',2,378000)
insert into ChiTietHoaDon values ('SP0001','HD280420220003',2,760000)
insert into ChiTietHoaDon values ('SP0005','HD280420220003',2,1300000)
insert into ChiTietHoaDon values ('SP0008','HD280420220003',2,760000)
insert into ChiTietHoaDon values ('SP0002','HD280420220003',2,760000)
insert into ChiTietHoaDon values ('SP0006','HD280420220003',2,1300000)
insert into ChiTietHoaDon values ('SP0010','HD280420220003',2,360000)
insert into ChiTietHoaDon values ('SP0014','HD280420220003',2,378000)
insert into ChiTietHoaDon values ('SP0003','HD280520220001',2,760000)
insert into ChiTietHoaDon values ('SP0006','HD280520220001',2,1300000)
insert into ChiTietHoaDon values ('SP0009','HD280520220001',2,760000)
insert into ChiTietHoaDon values ('SP0012','HD280520220001',2,360000)
insert into ChiTietHoaDon values ('SP0015','HD280520220001',2,378000)
insert into ChiTietHoaDon values ('SP0001','HD280520220002',2,760000)
insert into ChiTietHoaDon values ('SP0005','HD280520220002',2,1300000)
insert into ChiTietHoaDon values ('SP0008','HD280520220002',2,760000)
insert into ChiTietHoaDon values ('SP0002','HD280520220002',2,760000)
insert into ChiTietHoaDon values ('SP0006','HD280520220002',2,1300000)
insert into ChiTietHoaDon values ('SP0010','HD280520220002',2,360000)
insert into ChiTietHoaDon values ('SP0014','HD280520220002',2,378000)

insert into ChiTietHoaDon values ('SP0002','HD280620220001',2,760000)
insert into ChiTietHoaDon values ('SP0005','HD280620220001',2,1300000)
insert into ChiTietHoaDon values ('SP0008','HD280620220001',2,760000)
insert into ChiTietHoaDon values ('SP0011','HD280620220001',2,360000)
insert into ChiTietHoaDon values ('SP0014','HD280620220001',2,378000)
insert into ChiTietHoaDon values ('SP0003','HD280620220002',2,760000)
insert into ChiTietHoaDon values ('SP0006','HD280620220002',2,1300000)
insert into ChiTietHoaDon values ('SP0009','HD280620220002',2,760000)
insert into ChiTietHoaDon values ('SP0012','HD280620220002',2,360000)
insert into ChiTietHoaDon values ('SP0015','HD280620220002',2,378000)
insert into ChiTietHoaDon values ('SP0001','HD280620220003',2,760000)
insert into ChiTietHoaDon values ('SP0005','HD280620220003',2,1300000)
insert into ChiTietHoaDon values ('SP0008','HD280620220003',2,760000)
insert into ChiTietHoaDon values ('SP0002','HD280620220003',2,760000)
insert into ChiTietHoaDon values ('SP0006','HD280620220003',2,1300000)
insert into ChiTietHoaDon values ('SP0010','HD280620220003',2,360000)
insert into ChiTietHoaDon values ('SP0014','HD280620220003',2,378000)
insert into ChiTietHoaDon values ('SP0003','HD280720220001',2,760000)
insert into ChiTietHoaDon values ('SP0006','HD280720220001',2,1300000)
insert into ChiTietHoaDon values ('SP0009','HD280720220001',2,760000)
insert into ChiTietHoaDon values ('SP0012','HD280720220001',2,360000)
insert into ChiTietHoaDon values ('SP0015','HD280720220001',2,378000)
insert into ChiTietHoaDon values ('SP0001','HD280720220002',2,760000)
insert into ChiTietHoaDon values ('SP0005','HD280720220002',2,1300000)
insert into ChiTietHoaDon values ('SP0008','HD280720220002',2,760000)
insert into ChiTietHoaDon values ('SP0002','HD280720220002',2,760000)
insert into ChiTietHoaDon values ('SP0006','HD280720220002',2,1300000)
insert into ChiTietHoaDon values ('SP0010','HD280720220002',2,360000)
insert into ChiTietHoaDon values ('SP0014','HD280720220002',2,378000)
insert into ChiTietHoaDon values ('SP0001','HD280720220003',2,760000)
insert into ChiTietHoaDon values ('SP0005','HD280720220003',2,1300000)
insert into ChiTietHoaDon values ('SP0008','HD280720220003',2,760000)
insert into ChiTietHoaDon values ('SP0002','HD280720220003',2,760000)
insert into ChiTietHoaDon values ('SP0006','HD280720220003',2,1300000)
insert into ChiTietHoaDon values ('SP0010','HD280720220003',2,360000)
insert into ChiTietHoaDon values ('SP0014','HD280720220003',2,378000)
insert into ChiTietHoaDon values ('SP0002','HD280820220001',2,760000)
insert into ChiTietHoaDon values ('SP0005','HD280820220001',2,1300000)
insert into ChiTietHoaDon values ('SP0008','HD280820220001',2,760000)
insert into ChiTietHoaDon values ('SP0011','HD280820220001',2,360000)
insert into ChiTietHoaDon values ('SP0014','HD280820220001',2,378000)
insert into ChiTietHoaDon values ('SP0003','HD280820220002',2,760000)
insert into ChiTietHoaDon values ('SP0006','HD280820220002',2,1300000)
insert into ChiTietHoaDon values ('SP0009','HD280820220002',2,760000)
insert into ChiTietHoaDon values ('SP0012','HD280820220002',2,360000)
insert into ChiTietHoaDon values ('SP0015','HD280820220002',2,378000)
insert into ChiTietHoaDon values ('SP0001','HD280820220003',2,760000)
insert into ChiTietHoaDon values ('SP0005','HD280820220003',2,1300000)
insert into ChiTietHoaDon values ('SP0008','HD280820220003',2,760000)
insert into ChiTietHoaDon values ('SP0002','HD280820220003',2,760000)
insert into ChiTietHoaDon values ('SP0006','HD280820220003',2,1300000)
insert into ChiTietHoaDon values ('SP0010','HD280820220003',2,360000)
insert into ChiTietHoaDon values ('SP0014','HD280820220003',2,378000)
insert into ChiTietHoaDon values ('SP0003','HD280920220001',2,760000)
insert into ChiTietHoaDon values ('SP0006','HD280920220001',2,1300000)
insert into ChiTietHoaDon values ('SP0009','HD280920220001',2,760000)
insert into ChiTietHoaDon values ('SP0012','HD280920220001',2,360000)
insert into ChiTietHoaDon values ('SP0015','HD280920220001',2,378000)
insert into ChiTietHoaDon values ('SP0001','HD280920220002',2,760000)
insert into ChiTietHoaDon values ('SP0005','HD280920220002',2,1300000)
insert into ChiTietHoaDon values ('SP0008','HD280920220002',2,760000)
insert into ChiTietHoaDon values ('SP0002','HD280920220002',2,760000)
insert into ChiTietHoaDon values ('SP0006','HD280920220002',2,1300000)
insert into ChiTietHoaDon values ('SP0010','HD280920220002',2,360000)
insert into ChiTietHoaDon values ('SP0014','HD280920220002',2,378000)
insert into ChiTietHoaDon values ('SP0001','HD280920220003',2,760000)
insert into ChiTietHoaDon values ('SP0005','HD280920220003',2,1300000)
insert into ChiTietHoaDon values ('SP0008','HD280920220003',2,760000)
insert into ChiTietHoaDon values ('SP0002','HD280920220003',2,760000)
insert into ChiTietHoaDon values ('SP0006','HD280920220003',2,1300000)
insert into ChiTietHoaDon values ('SP0010','HD280920220003',2,360000)
insert into ChiTietHoaDon values ('SP0014','HD280920220003',2,378000)
insert into ChiTietHoaDon values ('SP0003','HD281020220001',2,760000)
insert into ChiTietHoaDon values ('SP0006','HD281020220001',2,1300000)
insert into ChiTietHoaDon values ('SP0009','HD281020220001',2,760000)
insert into ChiTietHoaDon values ('SP0012','HD281020220001',2,360000)
insert into ChiTietHoaDon values ('SP0015','HD281020220001',2,378000)
insert into ChiTietHoaDon values ('SP0001','HD281020220002',2,760000)
insert into ChiTietHoaDon values ('SP0005','HD281020220002',2,1300000)
insert into ChiTietHoaDon values ('SP0008','HD281020220002',2,760000)
insert into ChiTietHoaDon values ('SP0002','HD281020220002',2,760000)
insert into ChiTietHoaDon values ('SP0006','HD281020220002',2,1300000)
insert into ChiTietHoaDon values ('SP0010','HD281020220002',2,360000)
insert into ChiTietHoaDon values ('SP0014','HD281020220002',2,378000)
insert into ChiTietHoaDon values ('SP0002','HD281120220001',2,760000)
insert into ChiTietHoaDon values ('SP0005','HD281120220001',2,1300000)
insert into ChiTietHoaDon values ('SP0008','HD281120220001',2,760000)
insert into ChiTietHoaDon values ('SP0011','HD281120220001',2,360000)
insert into ChiTietHoaDon values ('SP0014','HD281120220001',2,378000)
insert into ChiTietHoaDon values ('SP0003','HD281120220002',2,760000)
insert into ChiTietHoaDon values ('SP0006','HD281120220002',2,1300000)
insert into ChiTietHoaDon values ('SP0009','HD281120220002',2,760000)
insert into ChiTietHoaDon values ('SP0012','HD281120220002',2,360000)
insert into ChiTietHoaDon values ('SP0015','HD281120220002',2,378000)
insert into ChiTietHoaDon values ('SP0001','HD281120220003',2,760000)
insert into ChiTietHoaDon values ('SP0005','HD281120220003',2,1300000)
insert into ChiTietHoaDon values ('SP0008','HD281120220003',2,760000)
insert into ChiTietHoaDon values ('SP0002','HD281120220003',2,760000)
insert into ChiTietHoaDon values ('SP0006','HD281120220003',2,1300000)
insert into ChiTietHoaDon values ('SP0010','HD281120220003',2,360000)
insert into ChiTietHoaDon values ('SP0014','HD281120220003',2,378000)





--select
select * from [dbo].[nhacungcap]
select * from khuyenMai
select * from [dbo].sanPham
select * from [dbo].TaiKhoan
select * from [dbo].ChiTietHoaDon
select * from [dbo].[hoadon]
select * from [dbo].[khachhang]
select * from [dbo].[nhanvien]
select * from XuatXu
select * from KieuDang
select * from KichThuoc
select * from MauSac
select * from ChatLieu
select * from PhanLoai
